-- Dummy data for kungfoodpanda_db
USE kungfoodpanda_db;

INSERT INTO Location (location_id, continent, country, state, city, street) VALUES
  (1, 'Asia', 'Philippines', 'Metro Manila', 'City 1', '1 Taft Avenue'),
  (2, 'Asia', 'Philippines', 'Metro Manila', 'City 2', '2 Taft Avenue'),
  (3, 'Asia', 'Philippines', 'Metro Manila', 'City 3', '3 Taft Avenue'),
  (4, 'Asia', 'Philippines', 'Metro Manila', 'City 4', '4 Taft Avenue'),
  (5, 'Asia', 'Philippines', 'Metro Manila', 'City 5', '5 Taft Avenue'),
  (6, 'Asia', 'Philippines', 'Metro Manila', 'City 6', '6 Taft Avenue'),
  (7, 'Asia', 'Philippines', 'Metro Manila', 'City 7', '7 Taft Avenue'),
  (8, 'Asia', 'Philippines', 'Metro Manila', 'City 8', '8 Taft Avenue'),
  (9, 'Asia', 'Philippines', 'Metro Manila', 'City 9', '9 Taft Avenue'),
  (10, 'Asia', 'Philippines', 'Metro Manila', 'City 10', '10 Taft Avenue');

INSERT INTO RawProduct (product_id, product_name, product_type, grade, start_season, end_season) VALUES
  (1, 'Huitlacoche', 'Fungus', 'SSR', '2025-01-01', '2025-12-31'),
  (2, 'Irish Moss', 'Seaweed', 'SR', '2025-01-01', '2025-12-31'),
  (3, 'Finger Limes', 'Fruit', 'R', '2025-01-01', '2025-12-31'),
  (4, 'Chapulines', 'Insect', 'UC', '2025-01-01', '2025-12-31'),
  (5, 'Doenjang', 'Fermented', 'C', '2025-01-01', '2025-12-31'),
  (6, 'Bottarga', 'Animal Product', 'SSR', '2025-01-01', '2025-12-31'),
  (7, 'Oca', 'Root Vegetable', 'SR', '2025-01-01', '2025-12-31'),
  (8, 'Butterfly Pea Flower', 'Floral', 'R', '2025-01-01', '2025-12-31');

INSERT INTO Client (client_id, company_name, first_name, last_name, honorific, email, location_id, loyalty_points) VALUES
  (1, 'Foodies Inc.', 'Alice', 'Smith', 'Ms.', 'alice.smith@foodies.com', 1, 327),
  (2, 'Gourmet Delights', 'Bob', 'Johnson', 'Mr.', 'bob.johnson@gourmet.com', 2, 57),
  (3, 'Delicious Eats', 'Charlie', 'Williams', 'Mrs.', 'charlie.williams@delicious.com', 3, 12),
  (4, 'Tasty Treats', 'Diana', 'Brown', 'Ms.', 'diana.brown@tasty.com', 4, 379),
  (5, 'Yummy Bites', 'Ethan', 'Jones', 'Mr.', 'ethan.jones@yummy.com', 5, 140),
  (6, 'Savory Snacks', 'Fiona', 'Garcia', 'Mrs.', 'fiona.garcia@savory.com', 6, 125),
  (7, 'Culinary Creations', 'George', 'Miller', 'Mr.', 'george.miller@culinary.com', 7, 114),
  (8, 'Epicurean Delights', 'Hannah', 'Davis', 'Ms.', 'hannah.davis@epicurean.com', 8, 71),
  (9, 'Flavorful Foods', 'Ian', 'Rodriguez', 'Mr.', 'ian.rodriguez@flavorful.com', 9, 377),
  (10, 'Delectable Dishes', 'Julia', 'Martinez', 'Mrs.', 'julia.martinez@delectable.com', 10, 52);

INSERT INTO Farm (farm_id, name, location_id) VALUES
  (1, 'Green Valley Farms', 1),
  (2, 'Sunnybrook Agriculture', 2),
  (3, 'Riverbend Produce', 3),
  (4, 'Golden Harvest Farms', 4),
  (5, 'Meadowview Organics', 5),
  (6, 'Hilltop Gardens', 6),
  (7, 'Cedarwood Farms', 7),
  (8, 'Willow Creek Produce', 8),
  (9, 'Maple Leaf Agriculture', 9),
  (10, 'Pine Hill Farms', 10);

INSERT INTO FarmProduct (product_id, farm_id, population, population_unit) VALUES
  (8, 1, 64, 'vines'),
  (3, 1, 82, 'trees'),
  (6, 1, 88, 'fish'),
  (3, 2, 87, 'trees'),
  (6, 2, 67, 'fish'),
  (8, 2, 50, 'vines'),
  (2, 3, 98, 'algal beds'),
  (7, 3, 71, 'fields'),
  (1, 3, 56, 'crops'),
  (6, 4, 52, 'fish'),
  (8, 4, 96, 'vines'),
  (7, 4, 79, 'fields'),
  (6, 5, 86, 'fish'),
  (8, 5, 62, 'vines'),
  (7, 5, 95, 'fields'),
  (5, 6, 56, 'vats'),
  (4, 6, 74, 'colonies'),
  (7, 6, 67, 'fields'),
  (4, 7, 92, 'colonies'),
  (1, 7, 67, 'crops'),
  (5, 7, 94, 'vats'),
  (3, 8, 74, 'trees'),
  (4, 8, 67, 'colonies'),
  (1, 8, 90, 'crops'),
  (7, 9, 75, 'fields'),
  (8, 9, 67, 'vines'),
  (5, 9, 54, 'vats'),
  (1, 10, 75, 'crops'),
  (8, 10, 91, 'vines'),
  (7, 10, 79, 'fields');

INSERT INTO Inventory (batch_id, product_id, farm_id, price, weight, notes, exp_date, quantity) VALUES
  (1, 8, 1, 71.43, 11.28, 'Initial batch of product 8 from farm 1', '2026-02-06', 387),
  (2, 3, 1, 130.85, 38.62, 'Initial batch of product 3 from farm 1', '2025-11-17', 398),
  (3, 6, 1, 109.91, 14.87, 'Initial batch of product 6 from farm 1', '2025-09-04', 360),
  (4, 3, 2, 124.03, 39.01, 'Initial batch of product 3 from farm 2', '2026-03-08', 156),
  (5, 6, 2, 72.93, 12.20, 'Initial batch of product 6 from farm 2', '2026-01-21', 316),
  (6, 8, 2, 139.46, 22.31, 'Initial batch of product 8 from farm 2', '2025-12-30', 339),
  (7, 2, 3, 129.37, 48.70, 'Initial batch of product 2 from farm 3', '2026-03-08', 105),
  (8, 7, 3, 152.04, 10.15, 'Initial batch of product 7 from farm 3', '2026-03-14', 374),
  (9, 1, 3, 162.63, 39.59, 'Initial batch of product 1 from farm 3', '2025-10-26', 157),
  (10, 6, 4, 94.03, 12.12, 'Initial batch of product 6 from farm 4', '2025-07-31', 469),
  (11, 8, 4, 181.38, 16.85, 'Initial batch of product 8 from farm 4', '2025-12-06', 490),
  (12, 7, 4, 76.80, 46.07, 'Initial batch of product 7 from farm 4', '2026-03-10', 420),
  (13, 6, 5, 94.77, 33.75, 'Initial batch of product 6 from farm 5', '2026-01-02', 201),
  (14, 8, 5, 72.93, 39.31, 'Initial batch of product 8 from farm 5', '2025-12-16', 498),
  (15, 7, 5, 188.37, 46.33, 'Initial batch of product 7 from farm 5', '2025-12-31', 265),
  (16, 5, 6, 123.29, 10.03, 'Initial batch of product 5 from farm 6', '2025-10-31', 257),
  (17, 4, 6, 85.92, 15.84, 'Initial batch of product 4 from farm 6', '2025-12-23', 140),
  (18, 7, 6, 62.85, 26.87, 'Initial batch of product 7 from farm 6', '2025-08-17', 489),
  (19, 4, 7, 129.91, 10.66, 'Initial batch of product 4 from farm 7', '2026-01-15', 343),
  (20, 1, 7, 192.03, 12.43, 'Initial batch of product 1 from farm 7', '2025-12-13', 410),
  (21, 5, 7, 113.47, 14.53, 'Initial batch of product 5 from farm 7', '2025-12-16', 486),
  (22, 3, 8, 159.49, 14.05, 'Initial batch of product 3 from farm 8', '2025-10-18', 304),
  (23, 4, 8, 199.27, 34.24, 'Initial batch of product 4 from farm 8', '2025-11-20', 364),
  (24, 1, 8, 117.72, 16.16, 'Initial batch of product 1 from farm 8', '2025-08-16', 273),
  (25, 7, 9, 53.16, 29.93, 'Initial batch of product 7 from farm 9', '2025-12-28', 212),
  (26, 8, 9, 51.08, 36.85, 'Initial batch of product 8 from farm 9', '2025-08-15', 217),
  (27, 5, 9, 60.11, 6.41, 'Initial batch of product 5 from farm 9', '2025-10-23', 136),
  (28, 1, 10, 127.12, 17.53, 'Initial batch of product 1 from farm 10', '2025-12-02', 209),
  (29, 8, 10, 130.89, 37.55, 'Initial batch of product 8 from farm 10', '2026-03-13', 392),
  (30, 7, 10, 136.43, 15.93, 'Initial batch of product 7 from farm 10', '2025-11-29', 308),
  (31, 8, 1, 64.15, 34.65, NULL, '2025-10-29', 158),
  (32, 3, 1, 120.05, 37.81, NULL, '2026-01-19', 217),
  (33, 6, 1, 64.76, 23.12, NULL, '2025-10-25', 254),
  (34, 8, 1, 87.30, 13.56, NULL, '2025-11-22', 85),
  (35, 3, 1, 77.52, 25.82, NULL, '2026-03-11', 286),
  (36, 8, 1, 116.47, 43.76, NULL, '2025-12-18', 75),
  (37, 8, 1, 147.82, 29.33, NULL, '2025-08-03', 298),
  (38, 8, 1, 188.96, 43.19, NULL, '2025-09-11', 154),
  (39, 3, 1, 122.20, 43.91, NULL, '2026-03-19', 65),
  (40, 8, 1, 106.85, 49.34, NULL, '2025-10-06', 287),
  (41, 3, 1, 92.79, 36.35, NULL, '2026-02-03', 250),
  (42, 6, 1, 149.28, 26.90, NULL, '2025-09-17', 125),
  (43, 8, 1, 195.31, 31.06, NULL, '2025-12-16', 65),
  (44, 6, 1, 97.04, 7.26, NULL, '2025-11-30', 178),
  (45, 6, 1, 73.61, 48.24, NULL, '2025-08-20', 267),
  (46, 8, 1, 60.28, 8.06, NULL, '2026-03-08', 110),
  (47, 3, 1, 67.98, 45.06, NULL, '2025-10-02', 198),
  (48, 6, 1, 55.96, 8.69, NULL, '2026-01-15', 199),
  (49, 6, 1, 128.42, 47.06, NULL, '2025-09-21', 221),
  (50, 6, 1, 97.13, 16.95, NULL, '2025-09-02', 221),
  (51, 6, 1, 95.00, 19.23, NULL, '2026-02-08', 289),
  (52, 8, 1, 51.40, 32.95, NULL, '2025-12-22', 75),
  (53, 3, 2, 130.65, 27.76, NULL, '2025-09-02', 288),
  (54, 6, 2, 182.13, 44.57, NULL, '2025-11-02', 122),
  (55, 3, 2, 115.73, 29.44, NULL, '2025-10-16', 206),
  (56, 8, 2, 129.34, 35.05, NULL, '2025-12-19', 126),
  (57, 8, 2, 65.54, 44.52, NULL, '2025-10-06', 79),
  (58, 3, 2, 161.36, 12.00, NULL, '2025-10-11', 204),
  (59, 3, 2, 157.64, 14.16, NULL, '2026-01-09', 268),
  (60, 6, 2, 125.81, 16.30, NULL, '2026-03-20', 266),
  (61, 3, 2, 63.84, 24.06, NULL, '2025-10-09', 61),
  (62, 3, 2, 100.03, 10.89, NULL, '2025-10-06', 91),
  (63, 8, 2, 116.28, 36.76, NULL, '2025-12-21', 52),
  (64, 3, 2, 61.29, 44.74, NULL, '2026-03-19', 88),
  (65, 8, 2, 55.40, 21.61, NULL, '2025-12-19', 87),
  (66, 6, 2, 69.12, 18.87, NULL, '2026-03-18', 288),
  (67, 3, 2, 184.84, 14.45, NULL, '2025-10-02', 220),
  (68, 3, 2, 103.05, 30.19, NULL, '2026-03-11', 154),
  (69, 8, 2, 162.42, 46.66, NULL, '2025-09-29', 271),
  (70, 3, 2, 196.43, 41.48, NULL, '2026-03-13', 155),
  (71, 3, 2, 76.90, 46.60, NULL, '2026-02-16', 288),
  (72, 6, 2, 170.34, 43.88, NULL, '2026-02-23', 113),
  (73, 6, 2, 73.88, 36.56, NULL, '2025-11-05', 273),
  (74, 3, 2, 178.79, 15.01, NULL, '2026-02-25', 285),
  (75, 7, 3, 102.45, 41.92, NULL, '2026-03-11', 108),
  (76, 2, 3, 53.55, 13.69, NULL, '2025-10-23', 121),
  (77, 2, 3, 195.03, 17.56, NULL, '2026-01-11', 180),
  (78, 7, 3, 151.93, 42.96, NULL, '2025-10-23', 290),
  (79, 2, 3, 67.30, 48.67, NULL, '2025-09-14', 198),
  (80, 7, 3, 55.74, 31.85, NULL, '2025-10-27', 236),
  (81, 7, 3, 115.46, 49.29, NULL, '2025-08-29', 148),
  (82, 1, 3, 78.51, 7.00, NULL, '2025-11-19', 50),
  (83, 1, 3, 188.84, 29.23, NULL, '2026-01-31', 290),
  (84, 1, 3, 160.56, 13.87, NULL, '2025-11-18', 67),
  (85, 1, 3, 188.12, 33.04, NULL, '2026-01-16', 267),
  (86, 2, 3, 157.96, 18.51, NULL, '2025-10-18', 220),
  (87, 7, 3, 98.93, 36.37, NULL, '2025-12-19', 82),
  (88, 2, 3, 113.07, 47.32, NULL, '2026-01-20', 241),
  (89, 2, 3, 142.33, 18.54, NULL, '2025-12-18', 263),
  (90, 2, 3, 95.58, 14.46, NULL, '2026-02-17', 198),
  (91, 1, 3, 148.21, 25.92, NULL, '2025-11-21', 222),
  (92, 2, 3, 126.68, 40.72, NULL, '2026-02-19', 238),
  (93, 2, 3, 148.83, 17.77, NULL, '2026-01-16', 212),
  (94, 1, 3, 100.28, 41.83, NULL, '2026-02-08', 110),
  (95, 1, 3, 96.56, 41.30, NULL, '2025-09-06', 56),
  (96, 2, 3, 86.73, 26.38, NULL, '2026-03-05', 246),
  (97, 6, 4, 118.31, 44.88, NULL, '2025-12-25', 99),
  (98, 7, 4, 154.45, 27.25, NULL, '2025-10-01', 87),
  (99, 7, 4, 153.14, 45.17, NULL, '2026-03-08', 247),
  (100, 6, 4, 166.76, 14.85, NULL, '2026-02-21', 295),
  (101, 7, 4, 127.69, 7.26, NULL, '2025-10-02', 284),
  (102, 6, 4, 118.47, 41.06, NULL, '2026-01-17', 185),
  (103, 7, 4, 139.32, 47.75, NULL, '2026-03-16', 163),
  (104, 7, 4, 172.25, 45.14, NULL, '2025-11-17', 262),
  (105, 7, 4, 116.89, 12.16, NULL, '2026-03-08', 171),
  (106, 8, 4, 88.88, 16.13, NULL, '2026-01-10', 120),
  (107, 7, 4, 122.69, 15.77, NULL, '2025-11-20', 69),
  (108, 7, 4, 92.86, 17.23, NULL, '2025-10-20', 278),
  (109, 7, 4, 62.09, 11.79, NULL, '2025-11-06', 227),
  (110, 6, 4, 155.96, 7.89, NULL, '2025-11-12', 134),
  (111, 7, 4, 119.89, 7.80, NULL, '2026-03-01', 157),
  (112, 8, 4, 185.73, 31.28, NULL, '2026-01-25', 55),
  (113, 7, 4, 107.06, 5.27, NULL, '2025-10-29', 126),
  (114, 8, 4, 178.02, 47.90, NULL, '2025-11-15', 187),
  (115, 7, 4, 160.20, 40.99, NULL, '2026-03-17', 106),
  (116, 8, 4, 82.91, 24.61, NULL, '2025-08-07', 149),
  (117, 8, 4, 150.33, 40.92, NULL, '2026-02-01', 92),
  (118, 8, 4, 187.93, 49.13, NULL, '2025-12-14', 56),
  (119, 8, 5, 138.78, 34.83, NULL, '2025-08-21', 214),
  (120, 8, 5, 70.35, 25.78, NULL, '2025-08-12', 116),
  (121, 8, 5, 99.10, 25.46, NULL, '2025-10-25', 244),
  (122, 8, 5, 91.74, 47.80, NULL, '2025-11-15', 114),
  (123, 6, 5, 120.55, 38.71, NULL, '2025-08-13', 293),
  (124, 8, 5, 83.63, 8.09, NULL, '2026-01-13', 60),
  (125, 6, 5, 192.44, 13.97, NULL, '2025-08-05', 209),
  (126, 6, 5, 85.78, 26.31, NULL, '2025-08-29', 194),
  (127, 6, 5, 119.76, 16.53, NULL, '2025-11-02', 92),
  (128, 7, 5, 141.09, 38.66, NULL, '2025-08-29', 249),
  (129, 6, 5, 194.71, 9.86, NULL, '2025-08-06', 287),
  (130, 8, 5, 136.37, 45.86, NULL, '2025-11-04', 151),
  (131, 7, 5, 79.75, 31.64, NULL, '2026-02-28', 210),
  (132, 6, 5, 65.29, 39.76, NULL, '2026-03-05', 225),
  (133, 7, 5, 170.83, 40.83, NULL, '2025-12-22', 250),
  (134, 6, 5, 102.08, 24.28, NULL, '2025-11-02', 67),
  (135, 7, 5, 147.13, 5.57, NULL, '2025-11-15', 260),
  (136, 8, 5, 65.83, 48.24, NULL, '2026-01-09', 278),
  (137, 8, 5, 156.10, 24.60, NULL, '2026-02-03', 183),
  (138, 7, 5, 90.51, 41.37, NULL, '2025-12-15', 248),
  (139, 8, 5, 119.73, 42.16, NULL, '2025-12-29', 118),
  (140, 8, 5, 177.76, 42.38, NULL, '2025-08-22', 121),
  (141, 4, 6, 86.58, 25.91, NULL, '2026-01-03', 221),
  (142, 4, 6, 100.46, 27.24, NULL, '2025-10-22', 96),
  (143, 4, 6, 81.82, 40.90, NULL, '2025-10-26', 121),
  (144, 7, 6, 155.18, 17.43, NULL, '2025-08-02', 182),
  (145, 5, 6, 62.84, 37.40, NULL, '2025-12-03', 192),
  (146, 5, 6, 153.59, 34.07, NULL, '2025-12-03', 164),
  (147, 5, 6, 63.96, 14.97, NULL, '2026-01-24', 112),
  (148, 4, 6, 149.59, 21.61, NULL, '2025-12-19', 185),
  (149, 4, 6, 113.83, 38.57, NULL, '2025-10-23', 140),
  (150, 7, 6, 118.06, 18.80, NULL, '2025-09-28', 80),
  (151, 7, 6, 78.89, 10.38, NULL, '2025-12-15', 293),
  (152, 7, 6, 77.77, 14.74, NULL, '2025-12-01', 120),
  (153, 7, 6, 138.44, 39.21, NULL, '2025-12-30', 122),
  (154, 5, 6, 174.89, 18.33, NULL, '2025-10-31', 95),
  (155, 4, 6, 52.12, 29.04, NULL, '2025-10-09', 61),
  (156, 5, 6, 133.00, 36.38, NULL, '2025-09-01', 213),
  (157, 4, 6, 65.39, 5.55, NULL, '2025-10-11', 170),
  (158, 4, 6, 116.07, 13.30, NULL, '2025-08-13', 114),
  (159, 4, 6, 67.11, 7.94, NULL, '2025-12-03', 68),
  (160, 7, 6, 144.42, 7.41, NULL, '2025-09-07', 257),
  (161, 7, 6, 192.37, 8.83, NULL, '2025-10-02', 80),
  (162, 7, 6, 164.67, 32.28, NULL, '2026-02-18', 208),
  (163, 4, 7, 166.35, 22.12, NULL, '2026-03-20', 163),
  (164, 1, 7, 179.02, 49.55, NULL, '2025-10-17', 195),
  (165, 5, 7, 59.03, 48.20, NULL, '2025-08-25', 292),
  (166, 4, 7, 143.83, 16.91, NULL, '2025-08-20', 90),
  (167, 4, 7, 76.07, 8.38, NULL, '2025-07-31', 154),
  (168, 1, 7, 153.41, 26.15, NULL, '2025-08-08', 109),
  (169, 1, 7, 156.04, 36.63, NULL, '2025-11-24', 68),
  (170, 5, 7, 85.01, 16.90, NULL, '2026-02-18', 210),
  (171, 5, 7, 149.18, 47.02, NULL, '2025-11-16', 79),
  (172, 5, 7, 83.72, 11.70, NULL, '2025-10-07', 261),
  (173, 4, 7, 60.71, 12.47, NULL, '2025-10-17', 202),
  (174, 5, 7, 173.64, 46.45, NULL, '2025-11-20', 81),
  (175, 1, 7, 153.30, 36.49, NULL, '2025-10-08', 178),
  (176, 5, 7, 124.07, 8.62, NULL, '2025-08-10', 277),
  (177, 1, 7, 160.18, 32.17, NULL, '2025-08-06', 73),
  (178, 4, 7, 194.29, 42.62, NULL, '2025-12-25', 200),
  (179, 4, 7, 199.94, 35.25, NULL, '2025-10-07', 197),
  (180, 4, 7, 164.47, 12.88, NULL, '2025-12-10', 216),
  (181, 1, 7, 187.41, 13.17, NULL, '2025-12-27', 161),
  (182, 5, 7, 172.14, 48.61, NULL, '2025-11-28', 139),
  (183, 1, 7, 100.00, 35.16, NULL, '2026-03-07', 91),
  (184, 1, 7, 111.75, 27.30, NULL, '2026-01-16', 291),
  (185, 4, 8, 172.03, 29.75, NULL, '2025-11-24', 72),
  (186, 4, 8, 87.86, 10.22, NULL, '2026-02-13', 153),
  (187, 1, 8, 173.74, 5.05, NULL, '2026-03-10', 188),
  (188, 4, 8, 111.99, 13.44, NULL, '2025-10-31', 209),
  (189, 4, 8, 143.81, 39.20, NULL, '2025-09-21', 118),
  (190, 1, 8, 69.65, 17.96, NULL, '2026-03-13', 228),
  (191, 4, 8, 68.21, 48.79, NULL, '2026-01-02', 254),
  (192, 3, 8, 156.47, 18.98, NULL, '2025-08-03', 191),
  (193, 4, 8, 63.98, 49.65, NULL, '2026-03-21', 79),
  (194, 4, 8, 192.06, 34.15, NULL, '2025-09-08', 177),
  (195, 1, 8, 93.78, 36.74, NULL, '2025-11-14', 263),
  (196, 4, 8, 197.04, 15.97, NULL, '2025-12-19', 87),
  (197, 4, 8, 78.59, 31.97, NULL, '2026-02-07', 275),
  (198, 3, 8, 179.60, 17.43, NULL, '2026-02-18', 268),
  (199, 4, 8, 100.98, 40.45, NULL, '2025-10-07', 260),
  (200, 3, 8, 92.43, 18.44, NULL, '2025-12-28', 198),
  (201, 1, 8, 123.45, 11.69, NULL, '2025-12-15', 173),
  (202, 4, 8, 99.87, 39.33, NULL, '2025-11-04', 166),
  (203, 4, 8, 180.44, 49.13, NULL, '2025-09-30', 196),
  (204, 4, 8, 85.03, 39.90, NULL, '2025-08-11', 131),
  (205, 1, 8, 120.95, 46.10, NULL, '2025-11-05', 148),
  (206, 1, 8, 168.86, 34.34, NULL, '2025-09-07', 176),
  (207, 7, 9, 68.94, 48.44, NULL, '2025-10-23', 272),
  (208, 7, 9, 181.13, 24.81, NULL, '2025-12-12', 283),
  (209, 8, 9, 52.30, 11.49, NULL, '2026-03-10', 217),
  (210, 7, 9, 61.22, 40.17, NULL, '2025-10-06', 136),
  (211, 5, 9, 153.91, 34.24, NULL, '2026-03-06', 134),
  (212, 5, 9, 178.90, 22.10, NULL, '2025-10-20', 210),
  (213, 5, 9, 183.12, 26.96, NULL, '2025-12-16', 59),
  (214, 5, 9, 60.26, 33.40, NULL, '2026-03-23', 123),
  (215, 7, 9, 162.01, 24.53, NULL, '2025-08-25', 244),
  (216, 5, 9, 155.58, 9.52, NULL, '2025-09-11', 227),
  (217, 8, 9, 185.51, 7.07, NULL, '2026-02-19', 64),
  (218, 8, 9, 103.77, 24.38, NULL, '2025-10-01', 185),
  (219, 8, 9, 134.89, 40.66, NULL, '2025-09-12', 94),
  (220, 7, 9, 141.42, 22.21, NULL, '2026-01-21', 111),
  (221, 8, 9, 186.92, 11.44, NULL, '2025-11-26', 213),
  (222, 8, 9, 118.94, 35.01, NULL, '2026-03-18', 255),
  (223, 8, 9, 185.18, 35.49, NULL, '2025-09-09', 68),
  (224, 8, 9, 191.79, 49.44, NULL, '2025-10-15', 213),
  (225, 8, 9, 153.55, 25.56, NULL, '2025-10-16', 100),
  (226, 8, 9, 178.00, 9.80, NULL, '2025-11-05', 196),
  (227, 8, 9, 136.22, 49.67, NULL, '2025-10-14', 55),
  (228, 5, 9, 109.37, 5.36, NULL, '2026-03-09', 225),
  (229, 7, 10, 196.04, 45.98, NULL, '2026-02-06', 177),
  (230, 8, 10, 166.36, 15.36, NULL, '2026-02-21', 140),
  (231, 1, 10, 145.49, 32.94, NULL, '2026-01-20', 243),
  (232, 7, 10, 165.12, 35.64, NULL, '2025-09-04', 210),
  (233, 1, 10, 185.51, 34.09, NULL, '2025-10-18', 251),
  (234, 8, 10, 55.00, 21.42, NULL, '2025-09-02', 73),
  (235, 8, 10, 99.01, 23.70, NULL, '2025-09-20', 83),
  (236, 7, 10, 181.47, 21.46, NULL, '2025-12-06', 283),
  (237, 8, 10, 174.57, 16.56, NULL, '2026-02-27', 291),
  (238, 8, 10, 195.11, 18.28, NULL, '2026-03-10', 136),
  (239, 1, 10, 120.25, 8.39, NULL, '2026-02-09', 297),
  (240, 1, 10, 179.02, 37.59, NULL, '2025-11-09', 297),
  (241, 7, 10, 104.87, 40.58, NULL, '2025-08-03', 117),
  (242, 7, 10, 68.54, 21.59, NULL, '2026-02-07', 222),
  (243, 8, 10, 137.68, 42.01, NULL, '2026-03-28', 145),
  (244, 1, 10, 151.23, 26.22, NULL, '2026-01-05', 276),
  (245, 7, 10, 99.20, 32.45, NULL, '2026-01-12', 66),
  (246, 7, 10, 173.58, 45.92, NULL, '2025-10-16', 216),
  (247, 8, 10, 67.50, 7.04, NULL, '2025-08-09', 127),
  (248, 8, 10, 67.42, 15.57, NULL, '2025-12-15', 84),
  (249, 8, 10, 118.05, 35.17, NULL, '2026-02-06', 228),
  (250, 7, 10, 112.87, 38.40, NULL, '2025-09-08', 276);

INSERT INTO Subscription (program_id, product_id, farm_id, client_id, order_interval_days, start_date, quantity, location_id, price, status) VALUES
  (1, 3, 1, 1, 7, '2025-05-24', 1, 1, 221.73, 'CANCELLED'),
  (2, 6, 2, 2, 7, '2025-05-24', 3, 2, 85.56, 'AWAITING_QUOTE'),
  (3, 2, 3, 3, 7, '2025-05-24', 4, 3, 155.60, 'ACTIVE'),
  (4, 8, 4, 4, 7, '2025-05-24', 1, 4, 246.76, 'AWAITING_QUOTE'),
  (5, 7, 5, 5, 7, '2025-05-24', 3, 5, 90.29, 'AWAITING_QUOTE'),
  (6, 5, 6, 6, 7, '2025-05-24', 1, 6, 241.33, 'AWAITING_QUOTE'),
  (7, 4, 7, 7, 7, '2025-05-24', 2, 7, 189.09, 'CANCELLED'),
  (8, 3, 8, 8, 7, '2025-05-24', 1, 8, 213.76, 'ACTIVE'),
  (9, 7, 9, 9, 7, '2025-05-24', 5, 9, 114.88, 'CANCELLED'),
  (10, 1, 10, 10, 7, '2025-05-24', 5, 10, 116.71, 'ACTIVE');

INSERT INTO Orders (order_id, client_id, batch_id, location_id, order_date, quantity, shipped_date, due_by, loyalty_points_used) VALUES
  (1, 1, 35, 1, '2025-05-24', 1, '2025-05-29', '2025-05-28', 0),
  (2, 1, 35, 1, '2025-05-31', 1, NULL, '2025-06-04', 20),
  (3, 1, 35, 1, '2025-06-07', 1, '2025-06-08', '2025-06-11', 0),
  (4, 1, 2, 1, '2025-06-14', 1, '2025-06-16', '2025-06-19', 20),
  (5, 1, 35, 1, '2025-06-21', 1, '2025-06-22', '2025-06-24', 0),
  (6, 1, 47, 1, '2025-06-28', 1, '2025-06-29', '2025-07-04', 10),
  (7, 1, 39, 1, '2025-07-05', 1, '2025-07-06', '2025-07-10', 10),
  (8, 1, 41, 1, '2025-07-12', 1, NULL, '2025-07-16', 0),
  (9, 1, 47, 1, '2025-07-19', 1, '2025-07-20', '2025-07-26', 0),
  (10, 1, 39, 1, '2025-07-26', 1, '2025-07-27', '2025-08-01', 10),
  (11, 1, 47, 1, '2025-08-02', 1, '2025-08-03', '2025-08-08', 0),
  (12, 1, 41, 1, '2025-08-09', 1, '2025-08-12', '2025-08-13', 20),
  (13, 1, 47, 1, '2025-08-16', 1, '2025-08-19', '2025-08-23', 10),
  (14, 1, 41, 1, '2025-08-23', 1, '2025-08-28', '2025-08-30', 20),
  (15, 1, 39, 1, '2025-08-30', 1, '2025-08-31', '2025-09-02', 30),
  (16, 1, 47, 1, '2025-09-06', 1, '2025-09-08', '2025-09-13', 10),
  (17, 1, 39, 1, '2025-09-13', 1, '2025-09-17', '2025-09-17', 10),
  (18, 1, 39, 1, '2025-09-20', 1, '2025-09-23', '2025-09-23', 30),
  (19, 1, 35, 1, '2025-09-27', 1, NULL, '2025-10-02', 30),
  (20, 1, 39, 1, '2025-10-04', 1, '2025-10-05', '2025-10-07', 0),
  (21, 1, 39, 1, '2025-10-11', 1, '2025-10-14', '2025-10-14', 0),
  (22, 1, 41, 1, '2025-10-18', 1, '2025-10-23', '2025-10-21', 20),
  (23, 1, 35, 1, '2025-10-25', 1, '2025-10-29', '2025-10-28', 30),
  (24, 1, 2, 1, '2025-11-01', 1, '2025-11-04', '2025-11-06', 0),
  (25, 1, 41, 1, '2025-11-08', 1, '2025-11-12', '2025-11-15', 0),
  (26, 1, 2, 1, '2025-11-15', 1, '2025-11-18', '2025-11-20', 0),
  (27, 1, 35, 1, '2025-11-22', 1, '2025-11-26', '2025-11-29', 20),
  (28, 2, 72, 2, '2025-05-24', 3, '2025-05-29', '2025-05-31', 0),
  (29, 2, 72, 2, '2025-05-31', 3, '2025-06-03', '2025-06-05', 30),
  (30, 2, 60, 2, '2025-06-07', 3, '2025-06-09', '2025-06-12', 0),
  (31, 2, 72, 2, '2025-06-14', 3, '2025-06-15', '2025-06-20', 0),
  (32, 2, 73, 2, '2025-06-21', 3, '2025-06-25', '2025-06-28', 10),
  (33, 2, 60, 2, '2025-06-28', 3, '2025-07-01', '2025-07-02', 20),
  (34, 2, 72, 2, '2025-07-05', 3, '2025-07-07', '2025-07-08', 0),
  (35, 2, 72, 2, '2025-07-12', 3, '2025-07-15', '2025-07-15', 10),
  (36, 2, 73, 2, '2025-07-19', 3, '2025-07-23', '2025-07-25', 10),
  (37, 2, 60, 2, '2025-07-26', 3, '2025-07-27', '2025-07-30', 0),
  (38, 2, 66, 2, '2025-08-02', 3, '2025-08-07', '2025-08-05', 10),
  (39, 2, 72, 2, '2025-08-09', 3, '2025-08-13', '2025-08-14', 20),
  (40, 2, 5, 2, '2025-08-16', 3, '2025-08-18', '2025-08-19', 0),
  (41, 2, 60, 2, '2025-08-23', 3, '2025-08-24', '2025-08-28', 10),
  (42, 2, 73, 2, '2025-08-30', 3, '2025-09-03', '2025-09-05', 20),
  (43, 2, 73, 2, '2025-09-06', 3, '2025-09-09', '2025-09-10', 0),
  (44, 2, 66, 2, '2025-09-13', 3, '2025-09-17', '2025-09-16', 0),
  (45, 2, 60, 2, '2025-09-20', 3, '2025-09-24', '2025-09-27', 30),
  (46, 2, 73, 2, '2025-09-27', 3, '2025-10-01', '2025-10-03', 0),
  (47, 2, 60, 2, '2025-10-04', 3, '2025-10-09', '2025-10-08', 10),
  (48, 2, 73, 2, '2025-10-11', 3, '2025-10-12', '2025-10-16', 0),
  (49, 2, 66, 2, '2025-10-18', 3, '2025-10-19', '2025-10-25', 10),
  (50, 2, 60, 2, '2025-10-25', 3, '2025-10-27', '2025-10-30', 0),
  (51, 2, 72, 2, '2025-11-01', 3, '2025-11-03', '2025-11-04', 0),
  (52, 2, 60, 2, '2025-11-08', 3, '2025-11-10', '2025-11-12', 0),
  (53, 2, 54, 2, '2025-11-15', 3, '2025-11-16', '2025-11-19', 0),
  (54, 2, 73, 2, '2025-11-22', 3, '2025-11-27', '2025-11-28', 20),
  (55, 3, 90, 3, '2025-05-24', 4, '2025-05-29', '2025-05-31', 0),
  (56, 3, 96, 3, '2025-05-31', 4, '2025-06-01', '2025-06-05', 10),
  (57, 3, 90, 3, '2025-06-07', 4, '2025-06-12', '2025-06-12', 0),
  (58, 3, 88, 3, '2025-06-14', 4, '2025-06-18', '2025-06-21', 10),
  (59, 3, 7, 3, '2025-06-21', 4, '2025-06-24', '2025-06-24', 0),
  (60, 3, 96, 3, '2025-06-28', 4, '2025-07-03', '2025-07-01', 10),
  (61, 3, 90, 3, '2025-07-05', 4, '2025-07-06', '2025-07-12', 10),
  (62, 3, 93, 3, '2025-07-12', 4, '2025-07-16', '2025-07-16', 20),
  (63, 3, 77, 3, '2025-07-19', 4, '2025-07-22', '2025-07-22', 30),
  (64, 3, 76, 3, '2025-07-26', 4, '2025-07-27', '2025-08-02', 0),
  (65, 3, 90, 3, '2025-08-02', 4, '2025-08-07', '2025-08-08', 0),
  (66, 3, 88, 3, '2025-08-09', 4, NULL, '2025-08-14', 10),
  (67, 3, 89, 3, '2025-08-16', 4, '2025-08-17', '2025-08-21', 30),
  (68, 3, 96, 3, '2025-08-23', 4, '2025-08-24', '2025-08-28', 20),
  (69, 3, 96, 3, '2025-08-30', 4, '2025-09-04', '2025-09-05', 0),
  (70, 3, 88, 3, '2025-09-06', 4, '2025-09-08', '2025-09-09', 0),
  (71, 3, 86, 3, '2025-09-13', 4, '2025-09-14', '2025-09-19', 0),
  (72, 3, 92, 3, '2025-09-20', 4, '2025-09-23', '2025-09-26', 0),
  (73, 3, 96, 3, '2025-09-27', 4, '2025-10-01', '2025-10-04', 20),
  (74, 3, 88, 3, '2025-10-04', 4, '2025-10-06', '2025-10-07', 0),
  (75, 3, 88, 3, '2025-10-11', 4, '2025-10-13', '2025-10-17', 0),
  (76, 3, 76, 3, '2025-10-18', 4, '2025-10-19', '2025-10-23', 20),
  (77, 3, 92, 3, '2025-10-25', 4, '2025-10-28', '2025-11-01', 20),
  (78, 3, 77, 3, '2025-11-01', 4, '2025-11-03', '2025-11-08', 0),
  (79, 3, 93, 3, '2025-11-08', 4, '2025-11-09', '2025-11-12', 10),
  (80, 3, 88, 3, '2025-11-15', 4, NULL, '2025-11-19', 20),
  (81, 3, 86, 3, '2025-11-22', 4, '2025-11-24', '2025-11-28', 0),
  (82, 4, 118, 4, '2025-05-24', 1, NULL, '2025-05-30', 0),
  (83, 4, 112, 4, '2025-05-31', 1, NULL, '2025-06-07', 10),
  (84, 4, 118, 4, '2025-06-07', 1, '2025-06-12', '2025-06-12', 20),
  (85, 4, 114, 4, '2025-06-14', 1, '2025-06-19', '2025-06-18', 0),
  (86, 4, 118, 4, '2025-06-21', 1, '2025-06-25', '2025-06-26', 0),
  (87, 4, 116, 4, '2025-06-28', 1, '2025-07-03', '2025-07-01', 0),
  (88, 4, 112, 4, '2025-07-05', 1, '2025-07-08', '2025-07-08', 10),
  (89, 4, 116, 4, '2025-07-12', 1, '2025-07-13', '2025-07-16', 0),
  (90, 4, 118, 4, '2025-07-19', 1, '2025-07-20', '2025-07-25', 10),
  (91, 4, 11, 4, '2025-07-26', 1, '2025-07-28', '2025-08-01', 10),
  (92, 4, 11, 4, '2025-08-02', 1, '2025-08-05', '2025-08-07', 0),
  (93, 4, 118, 4, '2025-08-09', 1, '2025-08-11', '2025-08-14', 0),
  (94, 4, 112, 4, '2025-08-16', 1, '2025-08-18', '2025-08-22', 30),
  (95, 4, 114, 4, '2025-08-23', 1, '2025-08-24', '2025-08-29', 0),
  (96, 4, 112, 4, '2025-08-30', 1, '2025-09-04', '2025-09-03', 30),
  (97, 4, 116, 4, '2025-09-06', 1, '2025-09-09', '2025-09-13', 0),
  (98, 4, 112, 4, '2025-09-13', 1, '2025-09-17', '2025-09-16', 30),
  (99, 4, 118, 4, '2025-09-20', 1, '2025-09-21', '2025-09-27', 10),
  (100, 4, 116, 4, '2025-09-27', 1, '2025-10-02', '2025-10-04', 20),
  (101, 4, 106, 4, '2025-10-04', 1, '2025-10-05', '2025-10-08', 20),
  (102, 4, 112, 4, '2025-10-11', 1, '2025-10-13', '2025-10-15', 30),
  (103, 4, 117, 4, '2025-10-18', 1, '2025-10-21', '2025-10-21', 0),
  (104, 4, 116, 4, '2025-10-25', 1, '2025-10-30', '2025-11-01', 20),
  (105, 4, 11, 4, '2025-11-01', 1, '2025-11-02', '2025-11-07', 30),
  (106, 4, 114, 4, '2025-11-08', 1, '2025-11-09', '2025-11-13', 0),
  (107, 4, 118, 4, '2025-11-15', 1, '2025-11-16', '2025-11-18', 20),
  (108, 4, 117, 4, '2025-11-22', 1, '2025-11-25', '2025-11-27', 20),
  (109, 5, 131, 5, '2025-05-24', 3, '2025-05-28', '2025-05-28', 30),
  (110, 5, 133, 5, '2025-05-31', 3, '2025-06-01', '2025-06-04', 30),
  (111, 5, 133, 5, '2025-06-07', 3, '2025-06-08', '2025-06-10', 0),
  (112, 5, 15, 5, '2025-06-14', 3, NULL, '2025-06-19', 20),
  (113, 5, 133, 5, '2025-06-21', 3, '2025-06-22', '2025-06-28', 30),
  (114, 5, 128, 5, '2025-06-28', 3, '2025-06-29', '2025-07-03', 30),
  (115, 5, 131, 5, '2025-07-05', 3, '2025-07-08', '2025-07-10', 10),
  (116, 5, 133, 5, '2025-07-12', 3, '2025-07-16', '2025-07-18', 0),
  (117, 5, 128, 5, '2025-07-19', 3, '2025-07-22', '2025-07-25', 20),
  (118, 5, 131, 5, '2025-07-26', 3, '2025-07-27', '2025-07-29', 10),
  (119, 5, 135, 5, '2025-08-02', 3, '2025-08-05', '2025-08-06', 0),
  (120, 5, 15, 5, '2025-08-09', 3, '2025-08-12', '2025-08-14', 10),
  (121, 5, 135, 5, '2025-08-16', 3, '2025-08-20', '2025-08-22', 0),
  (122, 5, 133, 5, '2025-08-23', 3, '2025-08-26', '2025-08-26', 20),
  (123, 5, 133, 5, '2025-08-30', 3, '2025-08-31', '2025-09-04', 0),
  (124, 5, 138, 5, '2025-09-06', 3, '2025-09-08', '2025-09-12', 0),
  (125, 5, 128, 5, '2025-09-13', 3, '2025-09-17', '2025-09-20', 0),
  (126, 5, 128, 5, '2025-09-20', 3, '2025-09-23', '2025-09-23', 0),
  (127, 5, 133, 5, '2025-09-27', 3, '2025-09-29', '2025-10-04', 30),
  (128, 5, 133, 5, '2025-10-04', 3, '2025-10-05', '2025-10-09', 20),
  (129, 5, 128, 5, '2025-10-11', 3, '2025-10-14', '2025-10-18', 30),
  (130, 5, 131, 5, '2025-10-18', 3, NULL, '2025-10-22', 0),
  (131, 5, 138, 5, '2025-10-25', 3, '2025-10-29', '2025-10-29', 20),
  (132, 5, 15, 5, '2025-11-01', 3, '2025-11-05', '2025-11-06', 0),
  (133, 5, 135, 5, '2025-11-08', 3, '2025-11-12', '2025-11-13', 0),
  (134, 5, 15, 5, '2025-11-15', 3, '2025-11-19', '2025-11-19', 0),
  (135, 5, 138, 5, '2025-11-22', 3, NULL, '2025-11-28', 30),
  (136, 6, 146, 6, '2025-05-24', 1, '2025-05-29', '2025-05-29', 20),
  (137, 6, 146, 6, '2025-05-31', 1, '2025-06-02', '2025-06-05', 0),
  (138, 6, 154, 6, '2025-06-07', 1, '2025-06-09', '2025-06-11', 0),
  (139, 6, 145, 6, '2025-06-14', 1, '2025-06-19', '2025-06-20', 20),
  (140, 6, 146, 6, '2025-06-21', 1, '2025-06-26', '2025-06-27', 0),
  (141, 6, 154, 6, '2025-06-28', 1, '2025-07-02', '2025-07-01', 30),
  (142, 6, 156, 6, '2025-07-05', 1, '2025-07-09', '2025-07-11', 20),
  (143, 6, 16, 6, '2025-07-12', 1, NULL, '2025-07-16', 30),
  (144, 6, 16, 6, '2025-07-19', 1, '2025-07-24', '2025-07-25', 0),
  (145, 6, 145, 6, '2025-07-26', 1, '2025-07-28', '2025-08-02', 0),
  (146, 6, 147, 6, '2025-08-02', 1, NULL, '2025-08-09', 0),
  (147, 6, 16, 6, '2025-08-09', 1, '2025-08-11', '2025-08-16', 0),
  (148, 6, 146, 6, '2025-08-16', 1, '2025-08-21', '2025-08-20', 0),
  (149, 6, 16, 6, '2025-08-23', 1, '2025-08-28', '2025-08-28', 0),
  (150, 6, 145, 6, '2025-08-30', 1, '2025-08-31', '2025-09-04', 20),
  (151, 6, 156, 6, '2025-09-06', 1, '2025-09-11', '2025-09-10', 0),
  (152, 6, 145, 6, '2025-09-13', 1, '2025-09-18', '2025-09-20', 0),
  (153, 6, 154, 6, '2025-09-20', 1, '2025-09-21', '2025-09-23', 0),
  (154, 6, 16, 6, '2025-09-27', 1, '2025-09-29', '2025-10-04', 20),
  (155, 6, 147, 6, '2025-10-04', 1, '2025-10-08', '2025-10-11', 30),
  (156, 6, 154, 6, '2025-10-11', 1, '2025-10-14', '2025-10-16', 10),
  (157, 6, 145, 6, '2025-10-18', 1, '2025-10-19', '2025-10-24', 30),
  (158, 6, 16, 6, '2025-10-25', 1, '2025-10-29', '2025-10-29', 10),
  (159, 6, 145, 6, '2025-11-01', 1, '2025-11-04', '2025-11-06', 30),
  (160, 6, 146, 6, '2025-11-08', 1, NULL, '2025-11-13', 0),
  (161, 6, 146, 6, '2025-11-15', 1, '2025-11-18', '2025-11-22', 0),
  (162, 6, 147, 6, '2025-11-22', 1, '2025-11-24', '2025-11-25', 0),
  (163, 7, 163, 7, '2025-05-24', 2, '2025-05-28', '2025-05-27', 20),
  (164, 7, 179, 7, '2025-05-31', 2, NULL, '2025-06-04', 0),
  (165, 7, 178, 7, '2025-06-07', 2, '2025-06-09', '2025-06-14', 0),
  (166, 7, 180, 7, '2025-06-14', 2, '2025-06-17', '2025-06-21', 10),
  (167, 7, 19, 7, '2025-06-21', 2, NULL, '2025-06-24', 20),
  (168, 7, 180, 7, '2025-06-28', 2, '2025-07-01', '2025-07-02', 0),
  (169, 7, 19, 7, '2025-07-05', 2, '2025-07-09', '2025-07-10', 0),
  (170, 7, 19, 7, '2025-07-12', 2, '2025-07-15', '2025-07-15', 30),
  (171, 7, 178, 7, '2025-07-19', 2, '2025-07-23', '2025-07-25', 0),
  (172, 7, 167, 7, '2025-07-26', 2, '2025-07-27', '2025-07-31', 10),
  (173, 7, 180, 7, '2025-08-02', 2, '2025-08-07', '2025-08-09', 30),
  (174, 7, 163, 7, '2025-08-09', 2, NULL, '2025-08-13', 10),
  (175, 7, 178, 7, '2025-08-16', 2, '2025-08-19', '2025-08-21', 0),
  (176, 7, 167, 7, '2025-08-23', 2, '2025-08-28', '2025-08-30', 0),
  (177, 7, 19, 7, '2025-08-30', 2, '2025-09-02', '2025-09-02', 10),
  (178, 7, 180, 7, '2025-09-06', 2, '2025-09-11', '2025-09-10', 0),
  (179, 7, 178, 7, '2025-09-13', 2, '2025-09-17', '2025-09-20', 20),
  (180, 7, 173, 7, '2025-09-20', 2, '2025-09-25', '2025-09-27', 20),
  (181, 7, 180, 7, '2025-09-27', 2, '2025-09-28', '2025-10-04', 0),
  (182, 7, 178, 7, '2025-10-04', 2, NULL, '2025-10-07', 20),
  (183, 7, 173, 7, '2025-10-11', 2, '2025-10-14', '2025-10-14', 30),
  (184, 7, 167, 7, '2025-10-18', 2, '2025-10-20', '2025-10-21', 20),
  (185, 7, 179, 7, '2025-10-25', 2, '2025-10-27', '2025-10-29', 0),
  (186, 7, 163, 7, '2025-11-01', 2, '2025-11-04', '2025-11-05', 10),
  (187, 7, 166, 7, '2025-11-08', 2, '2025-11-12', '2025-11-14', 20),
  (188, 7, 180, 7, '2025-11-15', 2, '2025-11-20', '2025-11-18', 0),
  (189, 7, 178, 7, '2025-11-22', 2, '2025-11-25', '2025-11-28', 0),
  (190, 8, 200, 8, '2025-05-24', 1, '2025-05-27', '2025-05-31', 30),
  (191, 8, 198, 8, '2025-05-31', 1, '2025-06-02', '2025-06-07', 0),
  (192, 8, 198, 8, '2025-06-07', 1, NULL, '2025-06-11', 0),
  (193, 8, 198, 8, '2025-06-14', 1, '2025-06-18', '2025-06-18', 0),
  (194, 8, 200, 8, '2025-06-21', 1, '2025-06-24', '2025-06-26', 0),
  (195, 8, 22, 8, '2025-06-28', 1, '2025-07-02', '2025-07-05', 10),
  (196, 8, 198, 8, '2025-07-05', 1, '2025-07-08', '2025-07-09', 30),
  (197, 8, 22, 8, '2025-07-12', 1, NULL, '2025-07-17', 30),
  (198, 8, 198, 8, '2025-07-19', 1, '2025-07-24', '2025-07-25', 0),
  (199, 8, 198, 8, '2025-07-26', 1, '2025-07-31', '2025-07-30', 0),
  (200, 8, 192, 8, '2025-08-02', 1, '2025-08-07', '2025-08-05', 0),
  (201, 8, 192, 8, '2025-08-09', 1, '2025-08-12', '2025-08-12', 30),
  (202, 8, 200, 8, '2025-08-16', 1, '2025-08-18', '2025-08-19', 0),
  (203, 8, 192, 8, '2025-08-23', 1, '2025-08-27', '2025-08-29', 10),
  (204, 8, 192, 8, '2025-08-30', 1, '2025-08-31', '2025-09-04', 0),
  (205, 8, 192, 8, '2025-09-06', 1, '2025-09-07', '2025-09-13', 0),
  (206, 8, 200, 8, '2025-09-13', 1, NULL, '2025-09-17', 0),
  (207, 8, 200, 8, '2025-09-20', 1, '2025-09-23', '2025-09-26', 0),
  (208, 8, 22, 8, '2025-09-27', 1, '2025-09-28', '2025-10-02', 0),
  (209, 8, 198, 8, '2025-10-04', 1, NULL, '2025-10-10', 20),
  (210, 8, 200, 8, '2025-10-11', 1, '2025-10-15', '2025-10-15', 0),
  (211, 8, 192, 8, '2025-10-18', 1, '2025-10-22', '2025-10-21', 30),
  (212, 8, 198, 8, '2025-10-25', 1, '2025-10-28', '2025-10-29', 0),
  (213, 8, 192, 8, '2025-11-01', 1, '2025-11-05', '2025-11-05', 10),
  (214, 8, 198, 8, '2025-11-08', 1, '2025-11-09', '2025-11-11', 0),
  (215, 8, 192, 8, '2025-11-15', 1, '2025-11-17', '2025-11-21', 0),
  (216, 8, 198, 8, '2025-11-22', 1, '2025-11-25', '2025-11-28', 0),
  (217, 9, 208, 9, '2025-05-24', 5, '2025-05-25', '2025-05-31', 0),
  (218, 9, 220, 9, '2025-05-31', 5, '2025-06-01', '2025-06-05', 30),
  (219, 9, 25, 9, '2025-06-07', 5, '2025-06-11', '2025-06-13', 30),
  (220, 9, 215, 9, '2025-06-14', 5, '2025-06-17', '2025-06-19', 0),
  (221, 9, 215, 9, '2025-06-21', 5, '2025-06-23', '2025-06-25', 10),
  (222, 9, 207, 9, '2025-06-28', 5, '2025-07-03', '2025-07-04', 0),
  (223, 9, 210, 9, '2025-07-05', 5, NULL, '2025-07-12', 20),
  (224, 9, 220, 9, '2025-07-12', 5, '2025-07-17', '2025-07-16', 0),
  (225, 9, 215, 9, '2025-07-19', 5, '2025-07-22', '2025-07-25', 0),
  (226, 9, 215, 9, '2025-07-26', 5, '2025-07-31', '2025-07-29', 20),
  (227, 9, 207, 9, '2025-08-02', 5, '2025-08-04', '2025-08-09', 0),
  (228, 9, 215, 9, '2025-08-09', 5, '2025-08-11', '2025-08-15', 30),
  (229, 9, 215, 9, '2025-08-16', 5, '2025-08-21', '2025-08-22', 10),
  (230, 9, 25, 9, '2025-08-23', 5, '2025-08-27', '2025-08-29', 10),
  (231, 9, 215, 9, '2025-08-30', 5, '2025-09-02', '2025-09-02', 30),
  (232, 9, 25, 9, '2025-09-06', 5, '2025-09-07', '2025-09-12', 30),
  (233, 9, 207, 9, '2025-09-13', 5, '2025-09-17', '2025-09-20', 0),
  (234, 9, 220, 9, '2025-09-20', 5, '2025-09-21', '2025-09-23', 0),
  (235, 9, 210, 9, '2025-09-27', 5, '2025-09-29', '2025-09-30', 0),
  (236, 9, 220, 9, '2025-10-04', 5, '2025-10-08', '2025-10-10', 10),
  (237, 9, 210, 9, '2025-10-11', 5, '2025-10-16', '2025-10-17', 0),
  (238, 9, 220, 9, '2025-10-18', 5, '2025-10-23', '2025-10-23', 10),
  (239, 9, 215, 9, '2025-10-25', 5, '2025-10-27', '2025-10-29', 0),
  (240, 9, 25, 9, '2025-11-01', 5, '2025-11-06', '2025-11-06', 10),
  (241, 9, 215, 9, '2025-11-08', 5, '2025-11-10', '2025-11-14', 10),
  (242, 9, 208, 9, '2025-11-15', 5, '2025-11-16', '2025-11-19', 0),
  (243, 9, 220, 9, '2025-11-22', 5, '2025-11-23', '2025-11-28', 0),
  (244, 10, 231, 10, '2025-05-24', 5, '2025-05-25', '2025-05-27', 10),
  (245, 10, 240, 10, '2025-05-31', 5, '2025-06-01', '2025-06-03', 10),
  (246, 10, 239, 10, '2025-06-07', 5, '2025-06-08', '2025-06-11', 0),
  (247, 10, 240, 10, '2025-06-14', 5, '2025-06-19', '2025-06-19', 0),
  (248, 10, 240, 10, '2025-06-21', 5, '2025-06-24', '2025-06-28', 0),
  (249, 10, 233, 10, '2025-06-28', 5, NULL, '2025-07-02', 20),
  (250, 10, 231, 10, '2025-07-05', 5, '2025-07-06', '2025-07-11', 20),
  (251, 10, 240, 10, '2025-07-12', 5, '2025-07-16', '2025-07-16', 20),
  (252, 10, 239, 10, '2025-07-19', 5, NULL, '2025-07-22', 30),
  (253, 10, 244, 10, '2025-07-26', 5, '2025-07-29', '2025-08-01', 30),
  (254, 10, 239, 10, '2025-08-02', 5, '2025-08-06', '2025-08-08', 0),
  (255, 10, 240, 10, '2025-08-09', 5, '2025-08-11', '2025-08-15', 0),
  (256, 10, 244, 10, '2025-08-16', 5, '2025-08-17', '2025-08-20', 20),
  (257, 10, 239, 10, '2025-08-23', 5, '2025-08-25', '2025-08-29', 10),
  (258, 10, 231, 10, '2025-08-30', 5, '2025-08-31', '2025-09-04', 10),
  (259, 10, 233, 10, '2025-09-06', 5, '2025-09-08', '2025-09-09', 0),
  (260, 10, 233, 10, '2025-09-13', 5, '2025-09-18', '2025-09-19', 0),
  (261, 10, 28, 10, '2025-09-20', 5, '2025-09-25', '2025-09-24', 30),
  (262, 10, 244, 10, '2025-09-27', 5, '2025-09-29', '2025-10-04', 0),
  (263, 10, 233, 10, '2025-10-04', 5, '2025-10-06', '2025-10-07', 30),
  (264, 10, 28, 10, '2025-10-11', 5, NULL, '2025-10-17', 30),
  (265, 10, 240, 10, '2025-10-18', 5, '2025-10-20', '2025-10-22', 20),
  (266, 10, 233, 10, '2025-10-25', 5, '2025-10-30', '2025-10-30', 30),
  (267, 10, 233, 10, '2025-11-01', 5, '2025-11-06', '2025-11-06', 10),
  (268, 10, 239, 10, '2025-11-08', 5, '2025-11-12', '2025-11-11', 0),
  (269, 10, 231, 10, '2025-11-15', 5, '2025-11-16', '2025-11-20', 20),
  (270, 10, 231, 10, '2025-11-22', 5, '2025-11-27', '2025-11-26', 20);

